amount,tx_hash,datum,message,status
2,8c074f7d121436fc049f18c51741047f48ecd6e6bc8b8481d527597280b133e6,d8799f581c3394a1546cda70991985325b8c7389b8054fefa0fb738d8a349a9f09ff,Locked 2 tADA,success
4,7c85aaf6638c5bbc393e2da4e7dd2260754f8c64fda881eb13226f3fdf689c0a,d8799f581c3394a1546cda70991985325b8c7389b8054fefa0fb738d8a349a9f09ff,Locked 4 tADA,success
3,220433ce734946a8a22841af35f8283cbe51673d3f0b3e79a352b19b37e548f0,d8799f581c3394a1546cda70991985325b8c7389b8054fefa0fb738d8a349a9f09ff,Locked 3 tADA,success
2,c92e2381670deb933486c59d051259547a15c7632daa09cfe1fa7e83638ed2f5,d8799f581c3394a1546cda70991985325b8c7389b8054fefa0fb738d8a349a9f09ff,Locked 2 tADA,success
7,81c77a5b37859474daed0d188038a1ead2425dfd318c2acc4eb22c97e0cd7582,d8799f581c3394a1546cda70991985325b8c7389b8054fefa0fb738d8a349a9f09ff,Locked 7 tADA,success
3,3ee9defb7adb4c38ddafd2eb73770fad3db4e3884e1058c055e558817d7e76d2,d8799f581c3394a1546cda70991985325b8c7389b8054fefa0fb738d8a349a9f09ff,Locked 3 tADA,success
2,e3b596ad89b3be145ba73091c67d95977495e529a469b5fb7e17f9fa515f0d38,d8799f581c3394a1546cda70991985325b8c7389b8054fefa0fb738d8a349a9f09ff,Trip booked successfully for 2 tADA,success
5,af9e743dc7685458c2e851aa83c56ba7e83a588a2107391129fcf01815927cae,d8799f581c3394a1546cda70991985325b8c7389b8054fefa0fb738d8a349a9f09ff,Trip booked successfully for 5 tADA,success
8,6967006d9085e9a0b1d265f187b40c6da62f22d4dc672a1e28ca107584e7b197,d8799f581c3394a1546cda70991985325b8c7389b8054fefa0fb738d8a349a9f09ff,Trip booked successfully for 8 tADA,success
3,4302d553c2a2c01436d223ef3412ff4278d11f0d49d11566057c13ffd871aed0,d8799f581c3394a1546cda70991985325b8c7389b8054fefa0fb738d8a349a9f09ff,Trip booked successfully for 3 tADA,success
2,6ef0b7b35983506195934225a722afa28cd1ba1b6ef3eb6cc40770993767311b,d8799f581c3394a1546cda70991985325b8c7389b8054fefa0fb738d8a349a9f09ff,Trip booked successfully for 2 tADA,success
6,02ca8645e38933e62e2532d8a94a7b3ac493cc5087e050b74d6f70ce621253c6,d8799f581c3394a1546cda70991985325b8c7389b8054fefa0fb738d8a349a9f09ff,Trip booked successfully for 6 tADA,success
2,8b4eb149a8f5c894e97fd3c08cbd31b08bc46e8fae2ca42a6dd415abfb529c62,d8799f581c3394a1546cda70991985325b8c7389b8054fefa0fb738d8a349a9f09ff,Trip booked successfully for 2 tADA,success
